{"stats":{"minecraft:picked_up":{"minecraft:birch_log":10,"minecraft:stick":1,"minecraft:crafting_table":3,"minecraft:feather":2,"minecraft:chicken":1,"minecraft:dirt":31,"minecraft:wheat_seeds":1,"minecraft:mutton":3,"minecraft:birch_sapling":2,"minecraft:coal":20,"minecraft:white_wool":2,"minecraft:cobblestone":21},"minecraft:used":{"minecraft:cooked_mutton":2,"minecraft:stone_pickaxe":35,"minecraft:birch_sapling":2,"minecraft:wooden_pickaxe":7,"minecraft:stone_axe":5,"minecraft:dirt":8,"minecraft:crafting_table":4,"minecraft:furnace":1,"alexsmobs:animal_dictionary":1},"minecraft:crafted":{"minecraft:crafting_table":2,"minecraft:stick":2,"minecraft:wooden_pickaxe":1,"minecraft:stone_pickaxe":1,"minecraft:furnace":1,"minecraft:birch_planks":10,"minecraft:stone_axe":1,"minecraft:cooked_mutton":3,"minecraft:air":54},"minecraft:dropped":{"gravestone:obituary":2,"minecraft:wooden_pickaxe":1},"minecraft:killed_by":{"minecraft:skeleton":1,"minecraft:zombie":1},"minecraft:mined":{"minecraft:birch_log":10,"minecraft:crafting_table":3,"immersive_weathering:birch_leaf_pile":3,"gravestone:gravestone":2,"minecraft:grass":1,"minecraft:grass_block":1,"minecraft:coal_ore":20,"minecraft:dirt":2,"minecraft:stone":21},"minecraft:custom":{"minecraft:time_since_rest":12324,"minecraft:interact_with_furnace":2,"minecraft:sprint_one_cm":38025,"minecraft:damage_taken":550,"minecraft:walk_one_cm":26051,"minecraft:mob_kills":4,"minecraft:drop":3,"minecraft:damage_dealt":358,"minecraft:interact_with_crafting_table":5,"minecraft:swim_one_cm":3890,"minecraft:fly_one_cm":46557,"minecraft:crouch_one_cm":610,"minecraft:play_time":22450,"minecraft:deaths":2,"minecraft:sneak_time":97,"minecraft:walk_under_water_one_cm":822,"minecraft:jump":246,"minecraft:leave_game":1,"minecraft:walk_on_water_one_cm":4592,"minecraft:time_since_death":12292,"minecraft:total_world_time":22450,"minecraft:fall_one_cm":6775},"minecraft:killed":{"minecraft:sheep":2,"minecraft:zombie":1,"minecraft:chicken":1}},"DataVersion":3120}