{"stats":{"minecraft:picked_up":{"minecraft:birch_log":3,"minecraft:wheat_seeds":1,"minecraft:birch_sapling":2,"minecraft:dirt":19},"minecraft:used":{"minecraft:dirt":5,"minecraft:crafting_table":1,"minecraft:birch_sapling":2,"alexsmobs:animal_dictionary":1},"minecraft:crafted":{"minecraft:birch_planks":2,"minecraft:crafting_table":1,"minecraft:stick":1,"minecraft:air":13},"minecraft:dropped":{"gravestone:obituary":1},"minecraft:killed_by":{"minecraft:skeleton":1,"minecraft:zombie":1},"minecraft:mined":{"gravestone:gravestone":1,"minecraft:grass":1,"minecraft:dirt":1,"minecraft:birch_log":3},"minecraft:custom":{"minecraft:time_since_rest":324,"minecraft:crouch_one_cm":238,"minecraft:sprint_one_cm":20110,"minecraft:play_time":10450,"minecraft:deaths":2,"minecraft:damage_taken":550,"minecraft:walk_one_cm":11502,"minecraft:sneak_time":40,"minecraft:mob_kills":1,"minecraft:drop":1,"minecraft:jump":123,"minecraft:damage_dealt":158,"minecraft:leave_game":1,"minecraft:time_since_death":292,"minecraft:walk_on_water_one_cm":2453,"minecraft:total_world_time":10450,"minecraft:interact_with_crafting_table":1,"minecraft:fall_one_cm":3992,"minecraft:fly_one_cm":26533},"minecraft:killed":{"minecraft:zombie":1}},"DataVersion":3120}